feature,importance
RM,0.5075474901269363
LSTAT,0.31032123648616067
DIS,0.05946318583498139
CRIM,0.03661108212587856
PTRATIO,0.01659097680209024
TAX,0.015467587596160508
NOX,0.014382839478664389
AGE,0.012848521294835937
B,0.011591469811772165
INDUS,0.007155832116577029
RAD,0.0047515151011403274
ZN,0.0016519066714377095
CHAS,0.0016163565533647312
