{
    "training": {
        "mse": 2.256092528825029,
        "rmse": 1.5020294700254815,
        "r2": 0.974030112447728
    },
    "test": {
        "mse": 7.870991937798967,
        "rmse": 2.80552881606997,
        "r2": 0.8926689501264194
    }
}